{
  "trial_number": 69,
  "values": [
    0.5080839654034621,
    0.3181818181818182,
    1.208589725671618,
    -0.36671450064837907
  ],
  "params": {
    "seller_aspiration_start": 0.7490651645994033,
    "buyer_aspiration_start": 0.7490651645994033,
    "seller_aspiration_floor": 0.47625334711624095,
    "buyer_aspiration_floor": 0.47625334711624095,
    "seller_time_floor_rate": 1.4282828447785527,
    "buyer_time_floor_rate": 1.4282828447785527,
    "seller_counter_anchor_cap": 0.553746905215425,
    "buyer_counter_anchor_cap": 0.553746905215425,
    "seller_accept_early_bar": 0.4123988522468045,
    "buyer_accept_early_bar": 0.4123988522468045,
    "seller_accept_early_cutoff": 0.20081707033892343,
    "buyer_accept_early_cutoff": 0.20081707033892343,
    "seller_accept_late_start": 0.848258144388569,
    "buyer_accept_late_start": 0.848258144388569,
    "seller_accept_late_bottom": 0.51170908625921,
    "buyer_accept_late_bottom": 0.51170908625921,
    "seller_accept_late_curve": 0.7552906464330864,
    "buyer_accept_late_curve": 0.7552906464330864,
    "seller_emergency_time": 0.7775486473991128,
    "buyer_emergency_time": 0.7775486473991128,
    "seller_emergency_margin": 0.03990705483831161,
    "buyer_emergency_margin": 0.03990705483831161,
    "seller_retract_prob_b2b": 0.09998475662732224,
    "buyer_retract_prob_b2b": 0.09998475662732224,
    "seller_concession_cap_b2b": 0.023675781410150445,
    "buyer_concession_cap_b2b": 0.023675781410150445,
    "seller_zeuthen_concession_scale": 0.13176158374492095,
    "buyer_zeuthen_concession_scale": 0.13176158374492095,
    "seller_commitment_margin": 0.18897877844370342,
    "buyer_commitment_margin": 0.18897877844370342,
    "seller_det_max_diff_std": 0.036554261790252944,
    "buyer_det_max_diff_std": 0.036554261790252944,
    "seller_det_min_pos_fraction": 0.6505842310688603,
    "buyer_det_min_pos_fraction": 0.6505842310688603,
    "seller_det_hold_until_t": 0.6315392795487136,
    "buyer_det_hold_until_t": 0.6315392795487136,
    "seller_det_bid_target_initial": 0.7905931432806573,
    "buyer_det_bid_target_initial": 0.7905931432806573,
    "seller_det_bid_target_final": 0.6871358775259413,
    "buyer_det_bid_target_final": 0.6871358775259413,
    "seller_det_target_floor_margin": 0.2566953432507595,
    "buyer_det_target_floor_margin": 0.2566953432507595,
    "seller_det_early_accept_margin": 0.34540268644450045,
    "buyer_det_early_accept_margin": 0.34540268644450045
  },
  "user_attrs": {
    "anti_aspiration": -0.36671450064837907,
    "avg_util": 0.5080839654034621,
    "h2h_score": 0.3181818181818182,
    "self_play_a": 0.6229765301149517,
    "self_play_b": 0.5856131955566664
  }
}