{
  "trial_number": 192,
  "values": [
    0.515173839940775,
    0.22727272727272727,
    1.2773661596746888,
    -0.29441314921786954
  ],
  "params": {
    "seller_aspiration_start": 0.9445102092361393,
    "buyer_aspiration_start": 0.9445102092361393,
    "seller_aspiration_floor": 0.36000017074864155,
    "buyer_aspiration_floor": 0.36000017074864155,
    "seller_time_floor_rate": 0.8662511171601215,
    "buyer_time_floor_rate": 0.8662511171601215,
    "seller_counter_anchor_cap": 0.7985588384882246,
    "buyer_counter_anchor_cap": 0.7985588384882246,
    "seller_accept_early_bar": 0.6935367186971602,
    "buyer_accept_early_bar": 0.6935367186971602,
    "seller_accept_early_cutoff": 0.4616869912999829,
    "buyer_accept_early_cutoff": 0.4616869912999829,
    "seller_accept_late_start": 0.7584119775314572,
    "buyer_accept_late_start": 0.7584119775314572,
    "seller_accept_late_bottom": 0.350736157837826,
    "buyer_accept_late_bottom": 0.350736157837826,
    "seller_accept_late_curve": 0.7090231887888288,
    "buyer_accept_late_curve": 0.7090231887888288,
    "seller_emergency_time": 0.8511623244872402,
    "buyer_emergency_time": 0.8511623244872402,
    "seller_emergency_margin": 0.05331647460441579,
    "buyer_emergency_margin": 0.05331647460441579,
    "seller_retract_prob_b2b": 0.026740228821283487,
    "buyer_retract_prob_b2b": 0.026740228821283487,
    "seller_concession_cap_b2b": 0.046799743917566236,
    "buyer_concession_cap_b2b": 0.046799743917566236,
    "seller_zeuthen_concession_scale": 0.09596703334112916,
    "buyer_zeuthen_concession_scale": 0.09596703334112916,
    "seller_commitment_margin": 0.0724441378289487,
    "buyer_commitment_margin": 0.0724441378289487,
    "seller_det_max_diff_std": 0.05409865687467306,
    "buyer_det_max_diff_std": 0.05409865687467306,
    "seller_det_min_pos_fraction": 0.8673308501487459,
    "buyer_det_min_pos_fraction": 0.8673308501487459,
    "seller_det_hold_until_t": 0.7573881738494659,
    "buyer_det_hold_until_t": 0.7573881738494659,
    "seller_det_bid_target_initial": 0.9122963962933807,
    "buyer_det_bid_target_initial": 0.9122963962933807,
    "seller_det_bid_target_final": 0.7267358793415978,
    "buyer_det_bid_target_final": 0.7267358793415978,
    "seller_det_target_floor_margin": 0.13421072519005992,
    "buyer_det_target_floor_margin": 0.13421072519005992,
    "seller_det_early_accept_margin": 0.3898829109820789,
    "buyer_det_early_accept_margin": 0.3898829109820789
  },
  "user_attrs": {
    "anti_aspiration": -0.29441314921786954,
    "avg_util": 0.515173839940775,
    "h2h_score": 0.22727272727272727,
    "self_play_a": 0.6955762762142513,
    "self_play_b": 0.5817898834604375
  }
}