{
  "trial_number": 61,
  "values": [
    0.5270509403938048,
    0.18181818181818182,
    1.2147008952062879,
    -0.25293791515816555
  ],
  "params": {
    "seller_aspiration_start": 0.8279211528566867,
    "buyer_aspiration_start": 0.8279211528566867,
    "seller_aspiration_floor": 0.4278223736413252,
    "buyer_aspiration_floor": 0.4278223736413252,
    "seller_time_floor_rate": 1.222252356182345,
    "buyer_time_floor_rate": 1.222252356182345,
    "seller_counter_anchor_cap": 0.701325363766842,
    "buyer_counter_anchor_cap": 0.701325363766842,
    "seller_accept_early_bar": 0.5801707876957112,
    "buyer_accept_early_bar": 0.5801707876957112,
    "seller_accept_early_cutoff": 0.31574071189164543,
    "buyer_accept_early_cutoff": 0.31574071189164543,
    "seller_accept_late_start": 0.7729087484744966,
    "buyer_accept_late_start": 0.7729087484744966,
    "seller_accept_late_bottom": 0.43805829180974615,
    "buyer_accept_late_bottom": 0.43805829180974615,
    "seller_accept_late_curve": 0.8138064425210167,
    "buyer_accept_late_curve": 0.8138064425210167,
    "seller_emergency_time": 0.8603939530221625,
    "buyer_emergency_time": 0.8603939530221625,
    "seller_emergency_margin": 0.03975015639088494,
    "buyer_emergency_margin": 0.03975015639088494,
    "seller_retract_prob_b2b": 0.06666785048252177,
    "buyer_retract_prob_b2b": 0.06666785048252177,
    "seller_concession_cap_b2b": 0.07234305372259701,
    "buyer_concession_cap_b2b": 0.07234305372259701,
    "seller_zeuthen_concession_scale": 0.02758581723717159,
    "buyer_zeuthen_concession_scale": 0.02758581723717159,
    "seller_commitment_margin": 0.038145789949679855,
    "buyer_commitment_margin": 0.038145789949679855,
    "seller_det_max_diff_std": 0.013191024468369238,
    "buyer_det_max_diff_std": 0.013191024468369238,
    "seller_det_min_pos_fraction": 0.5690624984731938,
    "buyer_det_min_pos_fraction": 0.5690624984731938,
    "seller_det_hold_until_t": 0.8727855596013142,
    "buyer_det_hold_until_t": 0.8727855596013142,
    "seller_det_bid_target_initial": 0.8041866401187201,
    "buyer_det_bid_target_initial": 0.8041866401187201,
    "seller_det_bid_target_final": 0.6588351602900452,
    "buyer_det_bid_target_final": 0.6588351602900452,
    "seller_det_target_floor_margin": 0.4468772184693071,
    "buyer_det_target_floor_margin": 0.4468772184693071,
    "seller_det_early_accept_margin": 0.23125237667270332,
    "buyer_det_early_accept_margin": 0.23125237667270332
  },
  "user_attrs": {
    "anti_aspiration": -0.25293791515816555,
    "avg_util": 0.5270509403938048,
    "h2h_score": 0.18181818181818182,
    "self_play_a": 0.6179301705142997,
    "self_play_b": 0.5967707246919882
  }
}