{
  "trial_number": 111,
  "values": [
    0.4639522726320027,
    0.18181818181818182,
    0.9285323074964176,
    -0.040965696263748574
  ],
  "params": {
    "seller_aspiration_start": 0.8715131155826379,
    "buyer_aspiration_start": 0.8715131155826379,
    "seller_aspiration_floor": 0.619812865925132,
    "buyer_aspiration_floor": 0.619812865925132,
    "seller_time_floor_rate": 1.0120913227852488,
    "buyer_time_floor_rate": 1.0120913227852488,
    "seller_counter_anchor_cap": 0.6153037067042884,
    "buyer_counter_anchor_cap": 0.6153037067042884,
    "seller_accept_early_bar": 0.5996421326785575,
    "buyer_accept_early_bar": 0.5996421326785575,
    "seller_accept_early_cutoff": 0.39740073772155154,
    "buyer_accept_early_cutoff": 0.39740073772155154,
    "seller_accept_late_start": 0.6737480510409449,
    "buyer_accept_late_start": 0.6737480510409449,
    "seller_accept_late_bottom": 0.39185431053862624,
    "buyer_accept_late_bottom": 0.39185431053862624,
    "seller_accept_late_curve": 0.6767045364047708,
    "buyer_accept_late_curve": 0.6767045364047708,
    "seller_emergency_time": 0.9449672034474547,
    "buyer_emergency_time": 0.9449672034474547,
    "seller_emergency_margin": 0.03641011109442911,
    "buyer_emergency_margin": 0.03641011109442911,
    "seller_retract_prob_b2b": 0.054872056649220326,
    "buyer_retract_prob_b2b": 0.054872056649220326,
    "seller_concession_cap_b2b": 0.057695535538953,
    "buyer_concession_cap_b2b": 0.057695535538953,
    "seller_zeuthen_concession_scale": 0.03212909377943816,
    "buyer_zeuthen_concession_scale": 0.03212909377943816,
    "seller_commitment_margin": 0.03162744643698685,
    "buyer_commitment_margin": 0.03162744643698685,
    "seller_det_max_diff_std": 0.03958092385912034,
    "buyer_det_max_diff_std": 0.03958092385912034,
    "seller_det_min_pos_fraction": 0.8647698877184393,
    "buyer_det_min_pos_fraction": 0.8647698877184393,
    "seller_det_hold_until_t": 0.9425462214942593,
    "buyer_det_hold_until_t": 0.9425462214942593,
    "seller_det_bid_target_initial": 0.9387536689451733,
    "buyer_det_bid_target_initial": 0.9387536689451733,
    "seller_det_bid_target_final": 0.6419266985819585,
    "buyer_det_bid_target_final": 0.6419266985819585,
    "seller_det_target_floor_margin": 0.14197080581880658,
    "buyer_det_target_floor_margin": 0.14197080581880658,
    "seller_det_early_accept_margin": 0.46090613916071876,
    "buyer_det_early_accept_margin": 0.46090613916071876
  },
  "user_attrs": {
    "anti_aspiration": -0.040965696263748574,
    "avg_util": 0.4639522726320027,
    "h2h_score": 0.18181818181818182,
    "self_play_a": 0.5038774259446283,
    "self_play_b": 0.4246548815517893
  }
}