{
 "seed": 31,
 "n_qualified": 69,
 "budgets": {
  "6": {
   "n": 69,
   "certified": 61,
   "violations": 0,
   "ratios": [
    0.9801318759991551,
    0.7992838533884719,
    0.9778627143954817,
    0.9559326803342407,
    0.8787404425428588,
    1.0084045774780448,
    0.8103530974953043,
    0.6611868888292318,
    0.0,
    0.7563804503051941,
    0.0,
    0.8689639288441463,
    0.9978425724837436,
    0.9777255101337019,
    1.0208956589708305,
    0.0,
    1.0083874337386491,
    0.7135461260579472,
    0.9897934952881252,
    0.8788225427841375,
    0.8399841957963842,
    0.9959724417609069,
    0.7153477747927783,
    0.0,
    0.9563591876310354,
    0.9932397881867565,
    0.6006724070254624,
    0.8354333719347927,
    0.8835740810335301,
    0.9920805462571497,
    0.9907548756955707,
    0.567866594609492,
    0.7776327240739953,
    0.899514302953632,
    0.453559013127842,
    0.8099025265114509,
    0.8205559062132507,
    0.0,
    0.8123708752057575,
    0.8147353200210038,
    0.9879668312865488,
    0.6258470140303215,
    1.0000005988453167,
    0.0,
    0.9768959561772254,
    1.0297395149293687,
    0.9902532557556153,
    1.0,
    0.982020232186446,
    0.9639305078392065,
    1.0,
    0.8638013331470967,
    0.6415939461217395,
    0.6137996103014194,
    1.0,
    0.0,
    0.779335051908124,
    1.0165042199607923,
    0.9200729011582115,
    1.0779727848324518,
    0.9909128394045225,
    0.8300480958318014,
    0.8758717745659865,
    0.7626991884186702,
    0.0,
    0.8487587140694722,
    0.3912608479183751,
    0.9795937371724746,
    0.9179385842263931
   ]
  },
  "10": {
   "n": 69,
   "certified": 67,
   "violations": 0,
   "ratios": [
    1.0191140031944703,
    0.973412690462323,
    0.711334758197551,
    0.8269627730671493,
    0.9770986676489201,
    0.9922810439194762,
    0.9423051810547457,
    0.6359194429513741,
    0.9776089973125963,
    0.5207835009495092,
    0.7518946904360306,
    0.8689639288441463,
    1.0010699516227624,
    0.9982375584127842,
    0.6300675570728255,
    0.7940889503320118,
    1.002467242744421,
    0.7133198744100805,
    0.9999999999999997,
    0.8788225427841379,
    0.40681091702259475,
    0.9959724417609069,
    0.9041549668065543,
    0.7920739678077078,
    0.9677997965481777,
    1.0,
    0.6006724070254624,
    0.8310248746128391,
    1.0,
    1.0065247497540122,
    1.0,
    0.9423589828171364,
    0.5810949128747369,
    0.902831759749467,
    0.49297702925100845,
    0.9722104847201269,
    0.8112614586847355,
    0.0,
    1.0031827907169468,
    0.8180296874182357,
    1.0,
    0.8429026107308834,
    1.0001283458203194,
    0.9299778341038937,
    0.9075838247089014,
    1.0297395149293687,
    1.0,
    1.0,
    1.0016749518052215,
    0.9639305078392065,
    1.0005434767430428,
    0.8608951067625041,
    0.8616101694245488,
    0.6004624670038647,
    1.0,
    0.47710979483450994,
    0.8152768474065653,
    0.990914857053807,
    0.9193764746256547,
    0.0,
    0.9100057468799024,
    0.9588678782415305,
    0.8838173172263146,
    0.9455178311925246,
    0.23733205539987892,
    0.8487587140694722,
    0.3912608479183751,
    1.0267541217721128,
    0.8540466488917098
   ]
  },
  "24": {
   "n": 69,
   "certified": 68,
   "violations": 0,
   "ratios": [
    1.0106151599801896,
    1.0,
    1.071924444600962,
    0.5840074292143017,
    1.0028480839195533,
    0.9880087475300923,
    0.9487866162444365,
    0.5997271732803834,
    1.0,
    1.0066322877586023,
    0.9750431597598334,
    0.988495945071203,
    1.0016049274341436,
    0.9993990994387437,
    0.4481017125777564,
    0.7940889503320118,
    1.0,
    0.7135461260579472,
    0.9789708923075958,
    0.8939466497064157,
    0.5134077673257716,
    0.9959724417609069,
    1.0,
    1.0064465842919506,
    0.975132750689017,
    1.0,
    1.0,
    1.0,
    1.0,
    0.9808030108547802,
    0.9050667494565705,
    1.0,
    1.0,
    0.8091028214064268,
    0.9089817608503359,
    0.9722104847201269,
    0.8206256547664863,
    0.0,
    1.0014349585889892,
    0.9961333519728065,
    1.0108860927064034,
    0.8108752005078818,
    0.9757932256712278,
    0.9503734230411902,
    0.9062299643609244,
    1.0,
    1.0,
    0.9964712425434079,
    1.0,
    1.0,
    0.99329871089692,
    0.863811830301127,
    1.0,
    1.0027803921354899,
    1.0,
    0.48806147056170546,
    1.0294722149325908,
    0.9664596937302927,
    1.0,
    0.9347089794324195,
    0.9909128394045225,
    1.0,
    1.0359612046226065,
    0.7259434948512892,
    0.9581442851237651,
    1.0,
    0.7880963539728056,
    0.9528396154003616,
    0.8540466488917098
   ]
  }
 },
 "tax": [
  {
   "i": 0,
   "tax_a": 39226.081501728026,
   "tax_b": 930.5623059758072,
   "s_o": 22614.853533840593,
   "headline_ratio": 1.73452732926307,
   "drift_nonhill": 2
  },
  {
   "i": 1,
   "tax_a": 47293.975742379465,
   "tax_b": 32495.86058457257,
   "s_o": 74309.54813844575,
   "headline_ratio": 0.6364454760815702,
   "drift_nonhill": 2
  },
  {
   "i": 3,
   "tax_a": 0.0,
   "tax_b": 18045.186989074893,
   "s_o": 53595.9414741817,
   "headline_ratio": 0.3366894300712609,
   "drift_nonhill": 1
  },
  {
   "i": 5,
   "tax_a": 1194.2176753568347,
   "tax_b": 21428.47282181069,
   "s_o": 92598.67866136163,
   "headline_ratio": 0.2314122958511727,
   "drift_nonhill": 2
  },
  {
   "i": 6,
   "tax_a": 228.86892496736255,
   "tax_b": 19293.6830700187,
   "s_o": 80358.9119674874,
   "headline_ratio": 0.24009388128381798,
   "drift_nonhill": 2
  },
  {
   "i": 7,
   "tax_a": 0.0,
   "tax_b": 13767.560986466313,
   "s_o": 53292.809769001244,
   "headline_ratio": 0.25833805810093485,
   "drift_nonhill": 1
  },
  {
   "i": 8,
   "tax_a": 82214.48952797151,
   "tax_b": 1885.471168511489,
   "s_o": 61387.7929292983,
   "headline_ratio": 1.3392644629309247,
   "drift_nonhill": 2
  },
  {
   "i": 9,
   "tax_a": 0.0,
   "tax_b": 44119.87831588986,
   "s_o": 29301.906064554307,
   "headline_ratio": 1.5056999438429173,
   "drift_nonhill": 1
  },
  {
   "i": 13,
   "tax_a": 0.0,
   "tax_b": 71936.87035063769,
   "s_o": 85862.48396102148,
   "headline_ratio": 0.8378149225602939,
   "drift_nonhill": 1
  },
  {
   "i": 14,
   "tax_a": 30467.64897815029,
   "tax_b": 3430.530702265416,
   "s_o": 31094.26560992194,
   "headline_ratio": 0.9798478394816407,
   "drift_nonhill": 1
  },
  {
   "i": 16,
   "tax_a": 7485.676773874613,
   "tax_b": 79762.30507584577,
   "s_o": 83938.40616851569,
   "headline_ratio": 0.9502480296768331,
   "drift_nonhill": 2
  },
  {
   "i": 17,
   "tax_a": 15165.422288157104,
   "tax_b": 0.0,
   "s_o": 143055.89028334687,
   "headline_ratio": 0.10601047085946178,
   "drift_nonhill": 1
  },
  {
   "i": 18,
   "tax_a": 0.0,
   "tax_b": 417.30068827135256,
   "s_o": 170092.66971690848,
   "headline_ratio": 0.0024533725584170176,
   "drift_nonhill": 2
  },
  {
   "i": 19,
   "tax_a": 0.0,
   "tax_b": 2943.918784369802,
   "s_o": 129292.65065568732,
   "headline_ratio": 0.022769420917895807,
   "drift_nonhill": 1
  },
  {
   "i": 21,
   "tax_a": 47937.10120076657,
   "tax_b": 547.0446591938671,
   "s_o": 33678.933924259756,
   "headline_ratio": 1.4233556593142727,
   "drift_nonhill": 2
  },
  {
   "i": 22,
   "tax_a": 7010.507990910031,
   "tax_b": 68843.89963710893,
   "s_o": 41830.46644137805,
   "headline_ratio": 1.6457836953261802,
   "drift_nonhill": 2
  },
  {
   "i": 23,
   "tax_a": 2034.9598481002613,
   "tax_b": 62610.34881493039,
   "s_o": 76225.41577807504,
   "headline_ratio": 0.8213841561352192,
   "drift_nonhill": 1
  },
  {
   "i": 24,
   "tax_a": 9622.248314860946,
   "tax_b": 97585.03347564525,
   "s_o": 22172.893759723855,
   "headline_ratio": 4.40109597480255,
   "drift_nonhill": 1
  },
  {
   "i": 25,
   "tax_a": 0.0,
   "tax_b": 14251.57554965085,
   "s_o": 23262.124275371258,
   "headline_ratio": 0.6126515094212478,
   "drift_nonhill": 1
  },
  {
   "i": 29,
   "tax_a": 8707.2340636687,
   "tax_b": 50812.88698255352,