{
 "seed": 7,
 "n_qualified": 72,
 "budgets": {
  "6": {
   "n": 71,
   "certified": 71,
   "violations": 0,
   "ratios": [
    0.8634327917854007,
    0.8433374959644457,
    0.6643225112501763,
    1.031737718830734,
    1.0,
    1.1996355235985718,
    0.9665097759222554,
    0.7925069152346486,
    0.9038695292197008,
    1.0639832465317964,
    0.8420208744979256,
    0.9890954335483484,
    0.4799749509206434,
    0.9839288378539651,
    0.9908422480607062,
    0.9034707308352418,
    0.7979528292436248,
    0.4754396977591055,
    0.5143542897452859,
    0.41202717874517125,
    0.2029201473932549,
    0.9132970411861732,
    0.7388860269572326,
    0.8966389486280744,
    0.7501294940780221,
    0.8397638155853588,
    1.040827754627737,
    1.0282623753278755,
    0.5250899729096318,
    1.0,
    0.9914656526613375,
    0.5743841461676882,
    0.9690387402258804,
    1.0287885897778621,
    1.0675057495722673,
    0.8760536661794369,
    0.4302984215985818,
    0.9979978843034368,
    0.8872062841890117,
    0.9918058362805212,
    0.9814158567994739,
    0.9469089552898116,
    0.8812533121901929,
    0.3004843310585604,
    0.6752480598347262,
    0.7523635546897457,
    0.8224136430068535,
    0.9845285964430399,
    0.9775705125638786,
    0.9809762212855389,
    0.796894202751729,
    0.689348974242904,
    1.0188418286984227,
    0.865261374076619,
    0.7228969444454453,
    0.7183567118133602,
    0.6178976408336212,
    0.212198432036702,
    0.8842727276226982,
    0.8459280064047258,
    1.0,
    0.7776392129225432,
    0.34781469468288645,
    0.7394664864329251,
    0.3184535572994177,
    0.9062911854722083,
    0.12097419652661962,
    0.9848313845981201,
    0.775345014018582,
    0.9834773571702208,
    0.8022096802278519
   ]
  },
  "10": {
   "n": 71,
   "certified": 71,
   "violations": 0,
   "ratios": [
    0.8590253149162587,
    0.8569629459701981,
    0.6141264167052745,
    1.0153535960875837,
    1.0,
    1.0175148402114504,
    0.9164570606001684,
    0.8403961371399236,
    0.9132631485938034,
    0.744946971399253,
    0.9838748262970457,
    1.0,
    0.8887122921066568,
    0.9839288378539651,
    0.9906249390155212,
    0.8953292062735508,
    0.5477851198835505,
    0.9771282656295089,
    0.90501702334319,
    0.8345614561962552,
    0.8586384746529532,
    0.9132970411861732,
    0.9718206885918993,
    1.0228286527372727,
    0.9525491560555803,
    0.6573047365143175,
    0.9814761965200859,
    1.0361040920170776,
    0.9743321026758204,
    1.0,
    0.9731751945154641,
    0.5917454044580789,
    0.9983427624649289,
    0.8827610290408661,
    0.8931518587510259,
    0.3210340529970563,
    0.4775714030875033,
    0.9979978843034368,
    0.9807080471649711,
    0.9987010230823762,
    1.034911686997176,
    1.07710102929881,
    0.861593813528701,
    0.7211480467860623,
    0.9584230442266077,
    0.9651497644689031,
    0.8142182005627667,
    1.0,
    1.0,
    1.000191261686517,
    0.7197304152172401,
    1.0,
    0.8926759148219192,
    0.8492875487523524,
    1.0,
    0.6565830889363503,
    1.0006416643611264,
    0.9400617691944525,
    0.8866089533989681,
    1.0,
    1.0,
    0.8001882434715342,
    0.3968997199973599,
    0.4284197682721245,
    0.6237497788106152,
    0.16099967104144286,
    0.3311370555823499,
    0.9848313845981201,
    0.8974112527968279,
    0.9834773571702208,
    0.8882090815510633
   ]
  },
  "24": {
   "n": 71,
   "certified": 71,
   "violations": 0,
   "ratios": [
    1.0008927498305469,
    1.0,
    0.6670087667751909,
    1.0151202754175923,
    1.0105714814313986,
    1.0136437523792672,
    1.0,
    0.8298802067076704,
    0.980116826284095,
    0.794758051431716,
    1.0019074938321613,
    1.0,
    1.0002023135160505,
    1.0,
    0.999372371096766,
    0.925314791377134,
    1.076206568697132,
    0.8933287469453891,
    0.963157586700239,
    0.8681856558188201,
    0.8538608115925146,
    1.0653833696514439,
    0.9691458045667792,
    1.0110112949934809,
    0.993845188965486,
    0.9972884092968756,
    1.0004525915409919,
    0.9364181938721681,
    1.0,
    1.0,
    1.0004845414050798,
    0.5568376637125604,
    0.9990162813351758,
    0.9571999221502906,
    1.0443339797425992,
    1.0009799480397934,
    0.5185687092624549,
    0.9979978843034368,
    1.0,
    1.0000057696732974,
    0.9999508883777488,
    1.07710102929881,
    0.861593813528701,
    0.8561870231582711,
    1.0,
    1.0,
    0.9369126184095639,
    1.0,
    1.0,
    0.9937487342768568,
    0.8406397732749412,
    1.0,
    0.9387512040343721,
    0.977698270246724,
    1.0055862242103002,
    0.6565830889363503,
    1.0021501765107519,
    1.0018111357113155,
    0.8857915966237112,
    0.8327955327499637,
    1.0,
    0.8018233648953278,
    0.9134699151027178,
    0.45043041627017033,
    0.6239046382920579,
    0.8695512293309274,
    0.777045685194117,
    1.0,
    0.8600567587294454,
    1.0,
    1.0
   ]
  }
 },
 "tax": [
  {
   "i": 0,
   "tax_a": 0.0,
   "tax_b": 21008.53047104283,
   "s_o": 16432.661892800435,
   "headline_ratio": 1.2784617981002335,
   "drift_nonhill": 1
  },
  {
   "i": 3,
   "tax_a": 127009.52946603985,
   "tax_b": 70387.17052983609,
   "s_o": 132565.00550718178,
   "headline_ratio": 0.958092439102709,
   "drift_nonhill": 1
  },
  {
   "i": 4,
   "tax_a": 18600.559520063485,
   "tax_b": 29450.15810088435,
   "s_o": 65155.06753729718,
   "headline_ratio": 0.45200103712617573,
   "drift_nonhill": 2
  },
  {
   "i": 5,
   "tax_a": 259.2304852186353,
   "tax_b": 34776.265631925824,
   "s_o": 42038.04779361793,
   "headline_ratio": 0.8272569126581905,
   "drift_nonhill": 1
  },
  {
   "i": 8,
   "tax_a": 31406.805509610684,
   "tax_b": 76026.05727668857,
   "s_o": 62452.54747878373,
   "headline_ratio": 1.217341170950889,
   "drift_nonhill": 2
  },
  {
   "i": 9,
   "tax_a": 8309.955162298225,
   "tax_b": 43612.54229638551,
   "s_o": 48402.54053272507,
   "headline_ratio": 0.9010382888249217,
   "drift_nonhill": 2
  },
  {
   "i": 10,
   "tax_a": 43874.07272631086,
   "tax_b": 0.0,
   "s_o": 86029.76843657845,
   "headline_ratio": 0.5099871070634698,
   "drift_nonhill": 2
  },
  {
   "i": 11,
   "tax_a": 17331.62493205769,
   "tax_b": 0.0,
   "s_o": 41843.04701926288,
   "headline_ratio": 0.4142056128005902,
   "drift_nonhill": 1
  },
  {
   "i": 13,
   "tax_a": 23428.427932849998,
   "tax_b": 0.0,
   "s_o": 102700.27694946146,
   "headline_ratio": 0.22812429166455964,
   "drift_nonhill": 1
  },
  {
   "i": 14,
   "tax_a": 32575.601020635513,
   "tax_b": 39076.04187140196,
   "s_o": 29108.1419947725,
   "headline_ratio": 1.342443701092965,
   "drift_nonhill": 2
  },
  {
   "i": 18,
   "tax_a": 367.7419193134119,
   "tax_b": 22586.644604690722,
   "s_o": 35989.47604587378,
   "headline_ratio": 0.6275902593274986,
   "drift_nonhill": 1
  },
  {
   "i": 19,
   "tax_a": 76167.87337134004,
   "tax_b": 0.0,
   "s_o": 202269.06832076632,
   "headline_ratio": 0.3765670846446477,
   "drift_nonhill": 1
  },
  {
   "i": 20,
   "tax_a": 44.29124866522034,
   "tax_b": 23599.246519546752,
   "s_o": 41250.41031979709,
   "headline_ratio": 0.5720972551931415,
   "drift_nonhill": 2
  },
  {
   "i": 23,
   "tax_a": 80935.96151386935,
   "tax_b": 59294.53864347981,
   "s_o": 95239.64645107172,
   "headline_ratio": 0.8498137543533331,
   "drift_nonhill": 2
  },
  {
   "i": 24,
   "tax_a": 5402.922779468965,
   "tax_b": 28271.156617909015,
   "s_o": 36357.97402840697,
   "headline_ratio": 0.7775778869257232,
   "drift_nonhill": 1
  },
  {
   "i": 25,
   "tax_a": 17716.38349754455,
   "tax_b": 95.87467637463124,
   "s_o": 30685.25950729098,
   "headline_ratio": 0.5773581120712061,
   "drift_nonhill": 2
  },
  {
   "i": 26,
   "tax_a": 10538.524043095065,
   "tax_b": 2659.159164906683,
   "s_o": 35920.677425162234,
   "headline_ratio": 0.293383220988836,
   "drift_nonhill": 2
  },
  {
   "i": 27,
   "tax_a": 23122.690840878204,
   "tax_b": 886.2193736189511,