{
 "seed": 23,
 "n_qualified": 69,
 "budgets": {
  "6": {
   "n": 66,
   "certified": 63,
   "violations": 0,
   "ratios": [
    0.7942887957777865,
    0.9781893756950412,
    0.6654471600615205,
    0.0,
    1.0,
    0.5717218243294122,
    0.9254779641997499,
    0.8456500382232414,
    1.0108694673902756,
    0.9001399315559326,
    0.9994122485148793,
    0.9354299982737713,
    0.5353493510878491,
    0.849486728109722,
    0.25680164766861896,
    0.9739130657223376,
    0.5631190844764534,
    0.8032273463361078,
    0.9996569773213843,
    0.850871104313193,
    1.0,
    0.6392271391021012,
    1.0261695147908352,
    0.3938815399173294,
    0.9193173730928573,
    1.006171625912021,
    0.9393051284873621,
    0.7496294092790341,
    0.8408125784478648,
    0.7216047298460245,
    1.0153433710093647,
    0.6009366890564619,
    0.5075248972990214,
    0.6875114488246964,
    0.799814086018756,
    0.9791765615454789,
    0.7393776645884741,
    0.0,
    0.9908047492579775,
    0.6729338251128432,
    0.9890522669957917,
    0.9070278448536091,
    0.6806571506305257,
    0.9507243044528028,
    0.9838058601740953,
    0.4898147623415811,
    0.7998599065494679,
    0.9842166654559173,
    1.0,
    0.4279550932139722,
    0.5743213756859037,
    0.8630032336754699,
    0.8004564602701871,
    0.0,
    1.0542562472725991,
    0.9791531651759873,
    0.39236697388957537,
    0.5422395972220174,
    0.8583679477271892,
    0.07034889306964077,
    0.8603063619617526,
    1.1165771495130665,
    1.0,
    0.8876679565601567,
    0.7359004669213144,
    0.8802252312412727
   ]
  },
  "10": {
   "n": 66,
   "certified": 64,
   "violations": 0,
   "ratios": [
    0.24462372537887803,
    0.3787311406288127,
    0.4935475732669103,
    0.44147646936009427,
    1.0,
    1.0,
    0.8332213011307782,
    0.8330630800137371,
    1.004223630279913,
    1.0,
    1.0005070678150139,
    0.9990289554418375,
    0.5352630204073635,
    0.8394549169103147,
    0.8059759623235936,
    0.8576176423785224,
    0.6693263734110857,
    0.771636839931142,
    0.7748785832723438,
    1.0184566826216488,
    1.0,
    0.813401790033464,
    1.012296124946983,
    0.7888933617149693,
    0.9193173730928573,
    0.869652465277565,
    0.9548835541484518,
    0.7496294092790341,
    0.8586973382271867,
    0.7216047298460245,
    0.9860412058302848,
    0.7686087548870274,
    1.0,
    0.552207114274062,
    1.0,
    1.1564828561228448,
    1.0018311410746912,
    1.002403225613916,
    0.8574667140012034,
    0.8807475857489806,
    0.9912265462916561,
    0.9865541589738084,
    1.0,
    0.9753621522264013,
    0.9869769398993875,
    0.0,
    1.0,
    1.0,
    0.9999999999999993,
    0.5814888057401377,
    0.5068131573343392,
    0.744097943822366,
    0.9665122393707651,
    1.0,
    1.0196044659351333,
    0.9791531651759873,
    0.7521362468190361,
    0.7063149554870186,
    0.9825148969935538,
    0.0,
    0.9184904495845598,
    1.1165771495130665,
    1.0,
    0.8876679565601567,
    0.7468347202702257,
    0.7686683769167107
   ]
  },
  "24": {
   "n": 66,
   "certified": 65,
   "violations": 0,
   "ratios": [
    0.4530112016622614,
    0.4080830816834178,
    0.5587621526876377,
    1.001133680532952,
    1.0043546312947584,
    0.9991490046606077,
    0.8213183887354728,
    0.9961692091431084,
    0.9766014688331623,
    1.0,
    0.9981961533983849,
    0.9990289554418375,
    0.5381336092227176,
    0.8820758846712402,
    0.9983525109695676,
    0.3831865390422896,
    0.6775429121421347,
    0.7662545819523744,
    0.8251768948026625,
    0.7856745906101475,
    0.9322322488097488,
    0.7094702199068811,
    0.9954347633100946,
    0.4683441994932902,
    0.9193173730928573,
    0.20135840476860684,
    1.0016188311317202,
    1.0,
    1.0,
    1.0,
    1.0,
    1.0,
    1.0,
    0.8328499343799661,
    1.0,
    1.0105603577384095,
    0.7259482029765849,
    1.002403225613916,
    1.0,
    0.8459757916011641,
    0.9505320659864614,
    0.9595018762868179,
    1.0,
    0.9507243044528028,
    0.9869769398993875,
    0.0,
    1.0,
    1.0,
    0.7972920175025376,
    0.7795146774406898,
    0.6323462354387795,
    1.0011574706112651,
    0.9665122393707651,
    1.0,
    1.0196044659351333,
    0.9947882912939966,
    1.0,
    0.5143559619469609,
    1.0226576744759683,
    0.8174178789909894,
    1.0239191104831797,
    1.1165771495130665,
    1.0,
    0.9581469913294834,
    1.0,
    0.7885288475786045
   ]
  }
 },
 "tax": [
  {
   "i": 1,
   "tax_a": 31081.163040407264,
   "tax_b": 0.0,
   "s_o": 52520.71188865004,
   "headline_ratio": 0.5917886853152887,
   "drift_nonhill": 1
  },
  {
   "i": 3,
   "tax_a": 66540.8107654558,
   "tax_b": 0.0,
   "s_o": 87759.68676618855,
   "headline_ratio": 0.7582161379260094,
   "drift_nonhill": 2
  },
  {
   "i": 5,
   "tax_a": 0.0,
   "tax_b": 0.0,
   "s_o": 60544.7915136718,
   "headline_ratio": 0.0,
   "drift_nonhill": 0
  },
  {
   "i": 7,
   "tax_a": 92636.42786536744,
   "tax_b": 37385.917036422965,
   "s_o": 24629.095596019695,
   "headline_ratio": 3.761259828003526,
   "drift_nonhill": 3
  },
  {
   "i": 8,
   "tax_a": 0.0,
   "tax_b": 17486.11576277562,
   "s_o": 268267.43920122006,
   "headline_ratio": 0.06518165534677417,
   "drift_nonhill": 1
  },
  {
   "i": 9,
   "tax_a": 938.1761565491906,
   "tax_b": 42555.27710072225,
   "s_o": 45050.92188249039,
   "headline_ratio": 0.9446039131390538,
   "drift_nonhill": 1
  },
  {
   "i": 11,
   "tax_a": 3443.2152656360995,
   "tax_b": 11151.635278083384,
   "s_o": 31981.100913029775,
   "headline_ratio": 0.3486945402038981,
   "drift_nonhill": 1
  },
  {
   "i": 13,
   "tax_a": 0.0,
   "tax_b": 14280.22953839507,
   "s_o": 67171.83513134278,
   "headline_ratio": 0.21259251754061173,
   "drift_nonhill": 1
  },
  {
   "i": 14,
   "tax_a": 34838.9075579559,
   "tax_b": 7147.120317812485,
   "s_o": 101817.22187106017,
   "headline_ratio": 0.3421710680937197,
   "drift_nonhill": 2
  },
  {
   "i": 16,
   "tax_a": 13488.926790869213,
   "tax_b": 0.0,
   "s_o": 183057.59636012698,
   "headline_ratio": 0.07368679071002665,
   "drift_nonhill": 2
  },
  {
   "i": 18,
   "tax_a": 41409.39773667487,
   "tax_b": 0.0,
   "s_o": 168638.8694276482,
   "headline_ratio": 0.24555073143704223,
   "drift_nonhill": 2
  },
  {
   "i": 19,
   "tax_a": 0.0,
   "tax_b": 0.0,
   "s_o": 110057.29490423958,
   "headline_ratio": 0.0,
   "drift_nonhill": 0
  },
  {
   "i": 20,
   "tax_a": 27586.74251772955,
   "tax_b": 19024.701501846663,
   "s_o": 41305.17398205181,
   "headline_ratio": 0.6678761970526191,
   "drift_nonhill": 2
  },
  {
   "i": 21,
   "tax_a": 59093.424705441124,
   "tax_b": 487.6532545594964,
   "s_o": 43997.8609911864,
   "headline_ratio": 1.3430976728000177,
   "drift_nonhill": 2
  },
  {
   "i": 22,
   "tax_a": 12243.11723382365,
   "tax_b": 68021.25064182878,
   "s_o": 36304.388112845554,
   "headline_ratio": 1.8736371600699386,
   "drift_nonhill": 2
  },
  {
   "i": 24,
   "tax_a": 40461.70738476598,
   "tax_b": 0.0,
   "s_o": 30320.1616167663,
   "headline_ratio": 1.334481916560486,
   "drift_nonhill": 1
  },
  {
   "i": 26,
   "tax_a": 21966.99423719599,
   "tax_b": 345.3155464462616,
   "s_o": 42780.36322250113,
   "headline_ratio": 0.5134831166099599,
   "drift_nonhill": 1
  },
  {
   "i": 27,
   "tax_a": 6235.665989378147,
   "tax_b": 61130.070937930665,
   "s_o": 80031.50660400448,
   "headline_ratio": 0.7638250675499835,
   "drift_nonhill": 3
  },
  {
   "i": 29,
   "tax_a": 8561.68519558356,
   "tax_b": 36255.06359634294,
   "s_o": 27431.118264499375,
   "headline_ratio": 1.3216764714715725,
   "drift_nonhill": 2
  },
  {
   "i": 32,
   "tax_a": 3005.3191062212572,
   "tax_b": 60963.137752554496,
   "s_o": 44040.99322506481,
   "headline_ratio": 1.3842362146787115,
   "drift_nonhill": 2
  },
  {
   "i": 33,
   "tax_a": 48296.95789739504,
   "tax_b": 4169.918649452447,
   "s_o": 101518.41238028528,
   "headline_ratio": 0.47574579591016375,