{
  "params": {
    "seller_probe_target": 0.5855656018855556,
    "seller_aspiration_start": 0.8849601894044633,
    "seller_aspiration_floor": 0.4245482695257084,
    "seller_time_floor_rate": 0.5564989029156995,
    "seller_counter_anchor_cap": 0.7091890026021608,
    "seller_accept_early_bar": 0.6745941055037855,
    "seller_accept_early_cutoff": 0.2967860857591456,
    "seller_accept_mid_offset": 0.018512484695890643,
    "seller_accept_late_start": 0.6574478797408709,
    "seller_accept_late_bottom": 0.5034309792332547,
    "seller_accept_late_curve": 0.35369205546386073,
    "seller_emergency_time": 0.8424698858304491,
    "seller_emergency_margin": 0.055907353282675584,
    "seller_best_seen_time": 0.8061030690266718,
    "seller_best_seen_margin": 0.021973055919201786,
    "seller_convergence_time": 0.6838350290383534,
    "seller_convergence_gap": 0.06476476309741477,
    "seller_retract_prob_b2b": 0.014380983944276605,
    "seller_concession_cap_b2b": 0.025509815411753282,
    "seller_zeuthen_concession_scale": 0.1323489400776271,
    "seller_commitment_margin": 0.06434153942904293,
    "buyer_probe_target": 0.5006630698079158,
    "buyer_aspiration_start": 0.7343641091196811,
    "buyer_aspiration_floor": 0.5106291532233337,
    "buyer_time_floor_rate": 0.847763928858794,
    "buyer_counter_anchor_cap": 0.5376831435793976,
    "buyer_accept_early_bar": 0.5285761240951338,
    "buyer_accept_early_cutoff": 0.30057620051596884,
    "buyer_accept_mid_offset": 0.027310451528234136,
    "buyer_accept_late_start": 0.6469304532690263,
    "buyer_accept_late_bottom": 0.5269772986354267,
    "buyer_accept_late_curve": 0.7008853595648344,
    "buyer_emergency_time": 0.8678718765084706,
    "buyer_emergency_margin": 0.013210992708766335,
    "buyer_best_seen_time": 0.8489644878197835,
    "buyer_best_seen_margin": 0.027867460732604644,
    "buyer_convergence_time": 0.49182686940714004,
    "buyer_convergence_gap": 0.03895182038999471,
    "buyer_retract_prob_b2b": 0.09414908361985201,
    "buyer_concession_cap_b2b": 0.05330482654700014,
    "buyer_zeuthen_concession_scale": 0.09815361926297855,
    "buyer_commitment_margin": 0.03287478699232112
  },
  "metadata_per_role": {
    "seller": {
      "strategy": "max_margin",
      "snhp_util": 0.5281279275320048,
      "h2h_margin": 0.024978338496877583,
      "deal_rate": 0.6842105263157894,
      "trial_number": 128
    },
    "buyer": {
      "strategy": "max_margin",
      "snhp_util": 0.5403652605730178,
      "h2h_margin": -0.025303445781187373,
      "deal_rate": 0.8210526315789474,
      "trial_number": 79
    }
  },
  "selection_strategy": "max_margin",
  "timestamp": "2026-04-28 12:39:05"
}