{
  "role": "buyer",
  "n_trials": 200,
  "n_pareto_points": 8,
  "pareto_frontier": [
    {
      "trial_number": 79,
      "snhp_util": 0.5403652605730178,
      "h2h_margin": -0.025303445781187373,
      "deal_rate": 0.8210526315789474,
      "params": {
        "buyer_probe_target": 0.5006630698079158,
        "buyer_aspiration_start": 0.7343641091196811,
        "buyer_aspiration_floor": 0.5106291532233337,
        "buyer_time_floor_rate": 0.847763928858794,
        "buyer_counter_anchor_cap": 0.5376831435793976,
        "buyer_accept_early_bar": 0.5285761240951338,
        "buyer_accept_early_cutoff": 0.30057620051596884,
        "buyer_accept_mid_offset": 0.027310451528234136,
        "buyer_accept_late_start": 0.6469304532690263,
        "buyer_accept_late_bottom": 0.5269772986354267,
        "buyer_accept_late_curve": 0.7008853595648344,
        "buyer_emergency_time": 0.8678718765084706,
        "buyer_emergency_margin": 0.013210992708766335,
        "buyer_best_seen_time": 0.8489644878197835,
        "buyer_best_seen_margin": 0.027867460732604644,
        "buyer_convergence_time": 0.49182686940714004,
        "buyer_convergence_gap": 0.03895182038999471,
        "buyer_retract_prob_b2b": 0.09414908361985201,
        "buyer_concession_cap_b2b": 0.05330482654700014,
        "buyer_zeuthen_concession_scale": 0.09815361926297855,
        "buyer_commitment_margin": 0.03287478699232112
      }
    },
    {
      "trial_number": 182,
      "snhp_util": 0.5643172454592142,
      "h2h_margin": -0.027866517366077037,
      "deal_rate": 0.8210526315789475,
      "params": {
        "buyer_probe_target": 0.645343108524673,
        "buyer_aspiration_start": 0.7687479039540832,
        "buyer_aspiration_floor": 0.549691783691222,
        "buyer_time_floor_rate": 1.277197275655963,
        "buyer_counter_anchor_cap": 0.6314901555078186,
        "buyer_accept_early_bar": 0.5205997839066935,
        "buyer_accept_early_cutoff": 0.4763989455285565,
        "buyer_accept_mid_offset": 0.028894176077622125,
        "buyer_accept_late_start": 0.8081348748971154,
        "buyer_accept_late_bottom": 0.5269772986354267,
        "buyer_accept_late_curve": 1.0233789697168245,
        "buyer_emergency_time": 0.8104780329063577,
        "buyer_emergency_margin": 0.0128169882595028,
        "buyer_best_seen_time": 0.7165581995904524,
        "buyer_best_seen_margin": 0.059582301220766264,
        "buyer_convergence_time": 0.590981143878568,
        "buyer_convergence_gap": 0.03895182038999471,
        "buyer_retract_prob_b2b": 0.05572961661752936,
        "buyer_concession_cap_b2b": 0.04506331513737666,
        "buyer_zeuthen_concession_scale": 0.1319679861417112,
        "buyer_commitment_margin": 0.10555465720424118
      }
    },
    {
      "trial_number": 0,
      "snhp_util": 0.565334486336851,
      "h2h_margin": -0.033045097648137234,
      "deal_rate": 0.7894736842105264,
      "params": {
        "buyer_probe_target": 0.5291627763707742,
        "buyer_aspiration_start": 0.8670898672024417,
        "buyer_aspiration_floor": 0.549691783691222,
        "buyer_time_floor_rate": 0.7430810845239595,
        "buyer_counter_anchor_cap": 0.6314901555078186,
        "buyer_accept_early_bar": 0.4893268303462903,
        "buyer_accept_early_cutoff": 0.43292762773596244,
        "buyer_accept_mid_offset": 0.028894176077622125,
        "buyer_accept_late_start": 0.8081348748971154,
        "buyer_accept_late_bottom": 0.5015509747768981,
        "buyer_accept_late_curve": 0.6837284429871561,
        "buyer_emergency_time": 0.8887429893991216,
        "buyer_emergency_margin": 0.035884951245513844,
        "buyer_best_seen_time": 0.7165581995904524,
        "buyer_best_seen_margin": 0.015537709296260145,
        "buyer_convergence_time": 0.572641890067068,
        "buyer_convergence_gap": 0.09334026753310663,
        "buyer_retract_prob_b2b": 0.07335960491743786,
        "buyer_concession_cap_b2b": 0.02832797072938858,
        "buyer_zeuthen_concession_scale": 0.1319679861417112,
        "buyer_commitment_margin": 0.09455661392481499
      }
    },
    {
      "trial_number": 160,
      "snhp_util": 0.5691930947602364,
      "h2h_margin": -0.04681313323668446,
      "deal_rate": 0.7578947368421052,
      "params": {
        "buyer_probe_target": 0.723898741386876,
        "buyer_aspiration_start": 0.7687479039540832,
        "buyer_aspiration_floor": 0.6099564696380366,
        "buyer_time_floor_rate": 1.277197275655963,
        "buyer_counter_anchor_cap": 0.6314901555078186,
        "buyer_accept_early_bar": 0.47017212015871496,
        "buyer_accept_early_cutoff": 0.43292762773596244,
        "buyer_accept_mid_offset": 0.028894176077622125,
        "buyer_accept_late_start": 0.8081348748971154,
        "buyer_accept_late_bottom": 0.440471553966978,
        "buyer_accept_late_curve": 1.0233789697168245,
        "buyer_emergency_time": 0.8798861073934992,
        "buyer_emergency_margin": 0.01471980153628912,
        "buyer_best_seen_time": 0.7165581995904524,
        "buyer_best_seen_margin": 0.059582301220766264,
        "buyer_convergence_time": 0.572641890067068,
        "buyer_convergence_gap": 0.03895182038999471,
        "buyer_retract_prob_b2b": 0.06940084279510306,
        "buyer_concession_cap_b2b": 0.04260180917750066,
        "buyer_zeuthen_concession_scale": 0.14684486683634596,
        "buyer_commitment_margin": 0.16926627248078518
      }
    },
    {
      "trial_number": 78,
      "snhp_util": 0.5693792117399903,
      "h2h_margin": -0.048441134612839165,
      "deal_rate": 0.8736842105263158,
      "params": {
        "buyer_probe_target": 0.4955140062723047,
        "buyer_aspiration_start": 0.8014762240125765,
        "buyer_aspiration_floor": 0.44188161283237487,
        "buyer_time_floor_rate": 1.0698387950485158,
        "buyer_counter_anchor_cap": 0.6336991562143451,
        "buyer_accept_early_bar": 0.5205997839066935,
        "buyer_accept_early_cutoff": 0.40005413897638226,
        "buyer_accept_mid_offset": 0.0015901304296347285,
        "buyer_accept_late_start": 0.7350374911863636,
        "buyer_accept_late_bottom": 0.48319243085280683,
        "buyer_accept_late_curve": 0.43410927280237294,
        "buyer_emergency_time": 0.8104780329063577,
        "buyer_emergency_margin": 0.05685706532813386,
        "buyer_best_seen_time": 0.7526444734045842,
        "buyer_best_seen_margin": 0.01682610900421156,
        "buyer_convergence_time": 0.548387955823713,
        "buyer_convergence_gap": 0.06442677113875972,
        "buyer_retract_prob_b2b": 0.08826758746992369,
        "buyer_concession_cap_b2b": 0.018941275717780464,
        "buyer_zeuthen_concession_scale": 0.015827323544946,
        "buyer_commitment_margin": 0.10555465720424118
      }
    },
    {
      "trial_number": 23,
      "snhp_util": 0.5730896253243694,
      "h2h_margin": -0.05231075228308779,
      "deal_rate": 0.8210526315789474,
      "params": {
        "buyer_probe_target": 0.4912530226048117,
        "buyer_aspiration_start": 0.8355710417911116,
        "buyer_aspiration_floor": 0.42704171119809153,
        "buyer_time_floor_rate": 1.157031503747351,
        "buyer_counter_anchor_cap": 0.5246686385688002,
        "buyer_accept_early_bar": 0.6265009162641313,
        "buyer_accept_early_cutoff": 0.2221211225300496,
        "buyer_accept_mid_offset": -0.0059313210677378716,
        "buyer_accept_late_start": 0.5505909290175118,
        "buyer_accept_late_bottom": 0.5333384567375427,
        "buyer_accept_late_curve": 0.43965207912495047,
        "buyer_emergency_time": 0.9257772360472608,
        "buyer_emergency_margin": 0.041348010103297646,
        "buyer_best_seen_time": 0.6508789406198998,
        "buyer_best_seen_margin": 0.041741144090629324,
        "buyer_convergence_time": 0.6133038592043668,
        "buyer_convergence_gap": 0.07950918713573142,
        "buyer_retract_prob_b2b": 0.02632530946841516,
        "buyer_concession_cap_b2b": 0.03025276040376285,