{
  "role": "seller",
  "n_trials": 200,
  "n_pareto_points": 5,
  "pareto_frontier": [
    {
      "trial_number": 128,
      "snhp_util": 0.5281279275320048,
      "h2h_margin": 0.024978338496877583,
      "deal_rate": 0.6842105263157894,
      "params": {
        "seller_probe_target": 0.5855656018855556,
        "seller_aspiration_start": 0.8849601894044633,
        "seller_aspiration_floor": 0.4245482695257084,
        "seller_time_floor_rate": 0.5564989029156995,
        "seller_counter_anchor_cap": 0.7091890026021608,
        "seller_accept_early_bar": 0.6745941055037855,
        "seller_accept_early_cutoff": 0.2967860857591456,
        "seller_accept_mid_offset": 0.018512484695890643,
        "seller_accept_late_start": 0.6574478797408709,
        "seller_accept_late_bottom": 0.5034309792332547,
        "seller_accept_late_curve": 0.35369205546386073,
        "seller_emergency_time": 0.8424698858304491,
        "seller_emergency_margin": 0.055907353282675584,
        "seller_best_seen_time": 0.8061030690266718,
        "seller_best_seen_margin": 0.021973055919201786,
        "seller_convergence_time": 0.6838350290383534,
        "seller_convergence_gap": 0.06476476309741477,
        "seller_retract_prob_b2b": 0.014380983944276605,
        "seller_concession_cap_b2b": 0.025509815411753282,
        "seller_zeuthen_concession_scale": 0.1323489400776271,
        "seller_commitment_margin": 0.06434153942904293
      }
    },
    {
      "trial_number": 164,
      "snhp_util": 0.5345391031832488,
      "h2h_margin": 0.01358858259614626,
      "deal_rate": 0.7263157894736842,
      "params": {
        "seller_probe_target": 0.49799403168665385,
        "seller_aspiration_start": 0.8371000330349098,
        "seller_aspiration_floor": 0.521603424434386,
        "seller_time_floor_rate": 0.8328701003173026,
        "seller_counter_anchor_cap": 0.7658171317925132,
        "seller_accept_early_bar": 0.4522977260688931,
        "seller_accept_early_cutoff": 0.20007164192128513,
        "seller_accept_mid_offset": -0.00875595713495263,
        "seller_accept_late_start": 0.6138316260314923,
        "seller_accept_late_bottom": 0.5034309792332547,
        "seller_accept_late_curve": 0.35369205546386073,
        "seller_emergency_time": 0.6859679261169243,
        "seller_emergency_margin": 0.042012208784677804,
        "seller_best_seen_time": 0.795212737822591,
        "seller_best_seen_margin": 0.048600815651229125,
        "seller_convergence_time": 0.45895490690131646,
        "seller_convergence_gap": 0.06476476309741477,
        "seller_retract_prob_b2b": 0.07991936958896369,
        "seller_concession_cap_b2b": 0.058003354221289855,
        "seller_zeuthen_concession_scale": 0.09974538367115009,
        "seller_commitment_margin": 0.15384461161257057
      }
    },
    {
      "trial_number": 152,
      "snhp_util": 0.5451159722762118,
      "h2h_margin": 0.01225571144386639,
      "deal_rate": 0.7263157894736841,
      "params": {
        "seller_probe_target": 0.5104855349379327,
        "seller_aspiration_start": 0.8371000330349098,
        "seller_aspiration_floor": 0.521603424434386,
        "seller_time_floor_rate": 0.5564989029156995,
        "seller_counter_anchor_cap": 0.6665261833728833,
        "seller_accept_early_bar": 0.47822031352460737,
        "seller_accept_early_cutoff": 0.2967860857591456,
        "seller_accept_mid_offset": 0.011616253644921049,
        "seller_accept_late_start": 0.6138316260314923,
        "seller_accept_late_bottom": 0.5034309792332547,
        "seller_accept_late_curve": 0.35369205546386073,
        "seller_emergency_time": 0.8424698858304491,
        "seller_emergency_margin": 0.042012208784677804,
        "seller_best_seen_time": 0.795212737822591,
        "seller_best_seen_margin": 0.048600815651229125,
        "seller_convergence_time": 0.45290952510614346,
        "seller_convergence_gap": 0.06476476309741477,
        "seller_retract_prob_b2b": 0.07991936958896369,
        "seller_concession_cap_b2b": 0.05131288467766801,
        "seller_zeuthen_concession_scale": 0.09593045601948036,
        "seller_commitment_margin": 0.15384461161257057
      }
    },
    {
      "trial_number": 11,
      "snhp_util": 0.5559143874896265,
      "h2h_margin": 0.011180226467136012,
      "deal_rate": 0.7052631578947368,
      "params": {
        "seller_probe_target": 0.5104855349379327,
        "seller_aspiration_start": 0.9061336677208192,
        "seller_aspiration_floor": 0.6041602680385281,
        "seller_time_floor_rate": 1.0357412870819436,
        "seller_counter_anchor_cap": 0.5169842982943614,
        "seller_accept_early_bar": 0.47822031352460737,
        "seller_accept_early_cutoff": 0.2718128490825678,
        "seller_accept_mid_offset": 0.015040315616143551,
        "seller_accept_late_start": 0.7510647425553114,
        "seller_accept_late_bottom": 0.4942594060982822,
        "seller_accept_late_curve": 0.5346360827485577,
        "seller_emergency_time": 0.7087337093613563,
        "seller_emergency_margin": 0.042012208784677804,
        "seller_best_seen_time": 0.6433679283415148,
        "seller_best_seen_margin": 0.048600815651229125,
        "seller_convergence_time": 0.45523550107930955,
        "seller_convergence_gap": 0.021872867997567092,
        "seller_retract_prob_b2b": 0.08553632500937947,
        "seller_concession_cap_b2b": 0.0327284953475968,
        "seller_zeuthen_concession_scale": 0.07839431321062024,
        "seller_commitment_margin": 0.15384461161257057
      }
    },
    {
      "trial_number": 76,
      "snhp_util": 0.5597487941255851,
      "h2h_margin": -0.0026670084256752435,
      "deal_rate": 0.7578947368421052,
      "params": {
        "seller_probe_target": 0.6243723320604294,
        "seller_aspiration_start": 0.8338040885927768,
        "seller_aspiration_floor": 0.5085409079846149,
        "seller_time_floor_rate": 0.8328701003173026,
        "seller_counter_anchor_cap": 0.7658171317925132,
        "seller_accept_early_bar": 0.4522977260688931,
        "seller_accept_early_cutoff": 0.20007164192128513,
        "seller_accept_mid_offset": -0.00875595713495263,
        "seller_accept_late_start": 0.6008186460407724,
        "seller_accept_late_bottom": 0.42210223034268424,
        "seller_accept_late_curve": 1.085805531616521,
        "seller_emergency_time": 0.6859679261169243,
        "seller_emergency_margin": 0.05440286875704011,
        "seller_best_seen_time": 0.5709664106785506,
        "seller_best_seen_margin": 0.0527417548246101,
        "seller_convergence_time": 0.45895490690131646,
        "seller_convergence_gap": 0.0619224416812152,
        "seller_retract_prob_b2b": 0.03640087491316037,
        "seller_concession_cap_b2b": 0.058003354221289855,
        "seller_zeuthen_concession_scale": 0.08903509241236267,
        "seller_commitment_margin": 0.1728275695896911
      }
    }
  ],
  "timestamp": "2026-04-28 12:32:02"
}