{
 "genome": {
  "pareto_knob": 0.4149578198716145,
  "open_aggression": 0.005490082841120847,
  "walk_margin": 0.3539394941631969,
  "patience": 0.38582709182835545,
  "bundle_focus": [
   0.0,
   1.0,
   0.0,
   0.0
  ],
  "mate_w": [
   0.5259769138698343,
   0.3527787227156736,
   0.46432685365580506,
   0.0663461566947767
  ],
  "truncation": 0.32770421134708727,
  "staked": false,
  "tactic_family": "mirror",
  "concession": [
   -0.09717818654558227,
   0.2475309407191941,
   0.011951834365677344,
   0.1348469157270817
  ],
  "bundle_tactic": [
   0.30209683240786267,
   -0.04705296827158155,
   0.040120069946971766
  ]
 },
 "provenance": {
  "gens": 100,
  "seed": 1,
  "seeds_tried": [
   1,
   2,
   3
  ],
  "lifetime_earnings": 2329.45,
  "generated": "2026-07-09T21:30:00Z"
 }
}