{
  "n_steps": 10,
  "n_seeds": 20,
  "rows": [
    {
      "seed": 42,
      "vv": {
        "u_a": 0.8481012766969691,
        "u_b": 0.7979761117904886,
        "deal": 1.0,
        "joint": 1.6460773884874578
      },
      "ss": {
        "u_a": 0.8938372092425637,
        "u_b": 0.9925066755578636,
        "deal": 1.0,
        "joint": 1.8863438848004273
      },
      "sv": {
        "u_a": 0.7207640903856773,
        "u_b": 0.7980743726891978,
        "deal": 1.0,
        "joint": 1.518838463074875
      },
      "vs": {
        "u_a": 0.8482765227798549,
        "u_b": 0.7243210043624067,
        "deal": 1.0,
        "joint": 1.5725975271422614
      }
    },
    {
      "seed": 100,
      "vv": {
        "u_a": 0.5992113913549537,
        "u_b": 0.7195217897708427,
        "deal": 1.0,
        "joint": 1.3187331811257965
      },
      "ss": {
        "u_a": 0.7011496639487753,
        "u_b": 0.6691829695931425,
        "deal": 1.0,
        "joint": 1.370332633541918
      },
      "sv": {
        "u_a": 0.5788243250624237,
        "u_b": 0.7282340320335308,
        "deal": 1.0,
        "joint": 1.3070583570959544
      },
      "vs": {
        "u_a": 0.5380484277986608,
        "u_b": 0.7497250818774628,
        "deal": 1.0,
        "joint": 1.2877735096761236
      }
    },
    {
      "seed": 200,
      "vv": {
        "u_a": 0.44751261150864996,
        "u_b": 0.5893342787999867,
        "deal": 1.0,
        "joint": 1.0368468903086367
      },
      "ss": {
        "u_a": 0.4868551374580243,
        "u_b": 0.5489532671022287,
        "deal": 1.0,
        "joint": 1.035808404560253
      },
      "sv": {
        "u_a": 0.5370192190333193,
        "u_b": 0.5019630285391767,
        "deal": 1.0,
        "joint": 1.0389822475724961
      },
      "vs": {
        "u_a": 0.4879311588426702,
        "u_b": 0.5489331495339557,
        "deal": 1.0,
        "joint": 1.0368643083766258
      }
    },
    {
      "seed": 300,
      "vv": {
        "u_a": 0.8176461064881669,
        "u_b": 0.7840741539514177,
        "deal": 1.0,
        "joint": 1.6017202604395846
      },
      "ss": {
        "u_a": 0.9195317445421444,
        "u_b": 0.9681866002647538,
        "deal": 1.0,
        "joint": 1.8877183448068982
      },
      "sv": {
        "u_a": 0.6748617229608433,
        "u_b": 0.7841683205009117,
        "deal": 1.0,
        "joint": 1.459030043461755
      },
      "vs": {
        "u_a": 0.8175854763355249,
        "u_b": 0.9681921885565336,
        "deal": 1.0,
        "joint": 1.7857776648920585
      }
    },
    {
      "seed": 400,
      "vv": {
        "u_a": 0.9942962621345917,
        "u_b": 0.4905447263040439,
        "deal": 1.0,
        "joint": 1.4848409884386355
      },
      "ss": {
        "u_a": 0.7703176526765249,
        "u_b": 0.6456476775506177,
        "deal": 1.0,
        "joint": 1.4159653302271424
      },
      "sv": {
        "u_a": 0.8229726506035756,
        "u_b": 0.4854448545358371,
        "deal": 1.0,
        "joint": 1.3084175051394127
      },
      "vs": {
        "u_a": 0.5374332976689253,
        "u_b": 0.717624126174101,
        "deal": 1.0,
        "joint": 1.2550574238430263
      }
    },
    {
      "seed": 500,
      "vv": {
        "u_a": 0.8487487686444702,
        "u_b": 1.000800934397079,
        "deal": 1.0,
        "joint": 1.849549703041549
      },
      "ss": {
        "u_a": 0.9502720479767051,
        "u_b": 1.0003654359926135,
        "deal": 1.0,
        "joint": 1.9506374839693186
      },
      "sv": {
        "u_a": 0.7107651261311787,
        "u_b": 0.8237223086891249,
        "deal": 1.0,
        "joint": 1.5344874348203037
      },
      "vs": {
        "u_a": 0.8487487686444702,
        "u_b": 1.000800934397079,
        "deal": 1.0,
        "joint": 1.849549703041549
      }
    },
    {
      "seed": 600,
      "vv": {
        "u_a": 0.8729392530083191,
        "u_b": 0.5415696014980416,
        "deal": 1.0,
        "joint": 1.4145088545063607
      },
      "ss": {
        "u_a": 0.4431433266054175,
        "u_b": 0.7902984388338608,
        "deal": 1.0,
        "joint": 1.2334417654392782
      },
      "sv": {
        "u_a": 0.6833899992754634,
        "u_b": 0.540937005881985,
        "deal": 1.0,
        "joint": 1.2243270051574484
      },
      "vs": {
        "u_a": 0.5160082272202129,
        "u_b": 0.7513323081920145,
        "deal": 1.0,
        "joint": 1.2673405354122274
      }
    },
    {
      "seed": 700,
      "vv": {
        "u_a": 0.7160507653770041,
        "u_b": 0.7170784987504755,
        "deal": 1.0,
        "joint": 1.4331292641274795
      },
      "ss": {
        "u_a": 0.7878866751692246,
        "u_b": 0.7868338792050626,
        "deal": 1.0,
        "joint": 1.5747205543742873
      },
      "sv": {
        "u_a": 0.7995656133695583,
        "u_b": 0.5841613204176201,
        "deal": 1.0,
        "joint": 1.3837269337871785
      },
      "vs": {
        "u_a": 0.7761832271114706,
        "u_b": 0.6468337427890731,
        "deal": 1.0,
        "joint": 1.4230169699005437
      }
    },
    {
      "seed": 800,
      "vv": {
        "u_a": 0.897748232465952,
        "u_b": 0.897435900884152,
        "deal": 1.0,
        "joint": 1.7951841333501042
      },
      "ss": {
        "u_a": 0.8564765178190347,
        "u_b": 0.9568349424618628,
        "deal": 1.0,
        "joint": 1.8133114602808975
      },
      "sv": {
        "u_a": 0.7089233877220769,
        "u_b": 0.8669914672736477,
        "deal": 1.0,
        "joint": 1.5759148549957245
      },
      "vs": {
        "u_a": 0.8789523583309593,
        "u_b": 0.6733474250459466,
        "deal": 1.0,
        "joint": 1.5522997833769059
      }
    },
    {
      "seed": 900,
      "vv": {
        "u_a": 0.7035397157747068,
        "u_b": 0.5723002247266088,
        "deal": 1.0,
        "joint": 1.2758399405013154
      },
      "ss": {
        "u_a": 0.6810594362770845,
        "u_b": 0.8063170386025881,
        "deal": 1.0,
        "joint": 1.4873764748796727
      },
      "sv": {
        "u_a": 0.6613956226997361,
        "u_b": 0.8020795567145257,
        "deal": 1.0,
        "joint": 1.4634751794142618
      },
      "vs": {
        "u_a": 0.8026198160751036,
        "u_b": 0.768821879902503,
        "deal": 1.0,
        "joint": 1.5714416959776065
      }
    },
    {
      "seed": 1000,
      "vv": {
        "u_a": 0.434649344425876,
        "u_b": 0.6074122614039528,
        "deal": 1.0,
        "joint": 1.0420616058298289
      },
      "ss": {
        "u_a": 0.434649344425876,
        "u_b": 0.6074122614039528,
        "deal": 1.0,
        "joint": 1.0420616058298289
      },
      "sv": {
        "u_a": 0.6820954470182928,
        "u_b": 0.34069677495681183,
        "deal": 1.0,
        "joint": 1.0227922219751047
      },
      "vs": {
        "u_a": 0.41431004990134673,
        "u_b": 0.6272307617702463,
        "deal": 1.0,
        "joint": 1.041540811671593
      }
    },
    {
      "seed": 1100,
      "vv": {
        "u_a": 0.847677450131752,
        "u_b": 0.8557868348982424,
        "deal": 1.0,
        "joint": 1.7034642850299944
      },
      "ss": {
        "u_a": 0.9436132507415517,
        "u_b": 0.9344301626114595,
        "deal": 1.0,
        "joint": 1.8780434133530113
      },
      "sv": {
        "u_a": 0.7091864687836754,
        "u_b": 0.8557868451324148,
        "deal": 1.0,
        "joint": 1.5649733139160902
      },
      "vs": {
        "u_a": 0.8558782056467753,
        "u_b": 0.6985001630427414,
        "deal": 1.0,
        "joint": 1.5543783686895167
      }
    },
    {
      "seed": 1200,
      "vv": {
        "u_a": 0.8449323316118942,
        "u_b": 0.8631540803158556,
        "deal": 1.0,
        "joint": 1.70808641192775
      },
      "ss": {
        "u_a": 0.8245669325350602,
        "u_b": 0.8670657103893978,
        "deal": 1.0,
        "joint": 1.691632642924458
      },
      "sv": {
        "u_a": 0.7044696116227218,