{
  "n_steps": 10,
  "n_seeds": 20,
  "rows": [
    {
      "seed": 42,
      "vv": {
        "u_a": 0.8481012766969691,
        "u_b": 0.7979761117904886,
        "deal": 1.0,
        "joint": 1.6460773884874578
      },
      "ss": {
        "u_a": 0.8938372092425637,
        "u_b": 0.9925066755578636,
        "deal": 1.0,
        "joint": 1.8863438848004273
      },
      "sv": {
        "u_a": 0.8482752608795578,
        "u_b": 0.7243210043777913,
        "deal": 1.0,
        "joint": 1.5725962652573493
      },
      "vs": {
        "u_a": 0.8214235949447398,
        "u_b": 0.8452526097866763,
        "deal": 1.0,
        "joint": 1.666676204731416
      }
    },
    {
      "seed": 100,
      "vv": {
        "u_a": 0.8234755910613614,
        "u_b": 0.6087763853799022,
        "deal": 1.0,
        "joint": 1.4322519764412636
      },
      "ss": {
        "u_a": 0.7011496639487753,
        "u_b": 0.6691829695931425,
        "deal": 1.0,
        "joint": 1.370332633541918
      },
      "sv": {
        "u_a": 0.8234755910613614,
        "u_b": 0.6087763853799022,
        "deal": 1.0,
        "joint": 1.4322519764412636
      },
      "vs": {
        "u_a": 0.4768854642423678,
        "u_b": 0.7799283739840829,
        "deal": 1.0,
        "joint": 1.2568138382264507
      }
    },
    {
      "seed": 200,
      "vv": {
        "u_a": 0.4879311588426702,
        "u_b": 0.5489331495339557,
        "deal": 1.0,
        "joint": 1.0368643083766258
      },
      "ss": {
        "u_a": 0.4868551374580243,
        "u_b": 0.5489532671022287,
        "deal": 1.0,
        "joint": 1.035808404560253
      },
      "sv": {
        "u_a": 0.5480209691513774,
        "u_b": 0.4883415144190457,
        "deal": 1.0,
        "joint": 1.0363624835704233
      },
      "vs": {
        "u_a": 0.4879311588426702,
        "u_b": 0.5489331495339557,
        "deal": 1.0,
        "joint": 1.0368643083766258
      }
    },
    {
      "seed": 300,
      "vv": {
        "u_a": 0.8176461064881669,
        "u_b": 0.7840741539514177,
        "deal": 1.0,
        "joint": 1.6017202604395846
      },
      "ss": {
        "u_a": 0.9195317445421444,
        "u_b": 0.9681866002647538,
        "deal": 1.0,
        "joint": 1.8877183448068982
      },
      "sv": {
        "u_a": 0.8584246137708148,
        "u_b": 0.7840719186347057,
        "deal": 1.0,
        "joint": 1.6424965324055205
      },
      "vs": {
        "u_a": 0.8175854763355249,
        "u_b": 0.9681921885565336,
        "deal": 1.0,
        "joint": 1.7857776648920585
      }
    },
    {
      "seed": 400,
      "vv": {
        "u_a": 0.9942962621345917,
        "u_b": 0.4905447263040439,
        "deal": 1.0,
        "joint": 1.4848409884386355
      },
      "ss": {
        "u_a": 0.7703176526765249,
        "u_b": 0.6456476775506177,
        "deal": 1.0,
        "joint": 1.4159653302271424
      },
      "sv": {
        "u_a": 0.9942962621345917,
        "u_b": 0.4905447263040439,
        "deal": 1.0,
        "joint": 1.4848409884386355
      },
      "vs": {
        "u_a": 0.44225351341784214,
        "u_b": 0.7570152602067244,
        "deal": 1.0,
        "joint": 1.1992687736245666
      }
    },
    {
      "seed": 500,
      "vv": {
        "u_a": 0.8487487686444702,
        "u_b": 1.000800934397079,
        "deal": 1.0,
        "joint": 1.849549703041549
      },
      "ss": {
        "u_a": 0.9502720479767051,
        "u_b": 1.0003654359926135,
        "deal": 1.0,
        "joint": 1.9506374839693186
      },
      "sv": {
        "u_a": 0.8893580803773642,
        "u_b": 1.0006267350352929,
        "deal": 1.0,
        "joint": 1.889984815412657
      },
      "vs": {
        "u_a": 0.848753929228515,
        "u_b": 0.8434771133093145,
        "deal": 1.0,
        "joint": 1.6922310425378295
      }
    },
    {
      "seed": 600,
      "vv": {
        "u_a": 0.5239943757143147,
        "u_b": 0.7193817418704107,
        "deal": 1.0,
        "joint": 1.2433761175847255
      },
      "ss": {
        "u_a": 0.6253428661313358,
        "u_b": 0.6728216562670972,
        "deal": 1.0,
        "joint": 1.298164522398433
      },
      "sv": {
        "u_a": 0.7610610430737075,
        "u_b": 0.5830900003323847,
        "deal": 1.0,
        "joint": 1.3441510434060921
      },
      "vs": {
        "u_a": 0.44834894712694,
        "u_b": 0.8166385031505667,
        "deal": 1.0,
        "joint": 1.2649874502775067
      }
    },
    {
      "seed": 700,
      "vv": {
        "u_a": 0.7160507653770041,
        "u_b": 0.7170784987504755,
        "deal": 1.0,
        "joint": 1.4331292641274795
      },
      "ss": {
        "u_a": 0.7878866751692246,
        "u_b": 0.7868338792050626,
        "deal": 1.0,
        "joint": 1.5747205543742873
      },
      "sv": {
        "u_a": 0.8655497991329018,
        "u_b": 0.5839166326642127,
        "deal": 1.0,
        "joint": 1.4494664317971144
      },
      "vs": {
        "u_a": 0.49555031251873316,
        "u_b": 0.7625125002901704,
        "deal": 1.0,
        "joint": 1.2580628128089035
      }
    },
    {
      "seed": 800,
      "vv": {
        "u_a": 0.897748232465952,
        "u_b": 0.897435900884152,
        "deal": 1.0,
        "joint": 1.7951841333501042
      },
      "ss": {
        "u_a": 0.8564765178190347,
        "u_b": 0.9568349424618628,
        "deal": 1.0,
        "joint": 1.8133114602808975
      },
      "sv": {
        "u_a": 0.8663254928606021,
        "u_b": 0.8669467807605681,
        "deal": 1.0,
        "joint": 1.73327227362117
      },
      "vs": {
        "u_a": 0.8407939887275372,
        "u_b": 0.926341353686971,
        "deal": 1.0,
        "joint": 1.7671353424145082
      }
    },
    {
      "seed": 900,
      "vv": {
        "u_a": 0.7013194995767543,
        "u_b": 0.8000678454859071,
        "deal": 1.0,
        "joint": 1.5013873450626614
      },
      "ss": {
        "u_a": 0.6810594362770845,
        "u_b": 0.8063170386025881,
        "deal": 1.0,
        "joint": 1.4873764748796727
      },
      "sv": {
        "u_a": 0.8026198160751036,
        "u_b": 0.768821879902503,
        "deal": 1.0,
        "joint": 1.5714416959776065
      },
      "vs": {
        "u_a": 0.47845880328038626,
        "u_b": 0.8688089697693965,
        "deal": 1.0,
        "joint": 1.3472677730497828
      }
    },
    {
      "seed": 1000,
      "vv": {
        "u_a": 0.434649344425876,
        "u_b": 0.6074122614039528,
        "deal": 1.0,
        "joint": 1.0420616058298289
      },
      "ss": {
        "u_a": 0.434649344425876,
        "u_b": 0.6074122614039528,
        "deal": 1.0,
        "joint": 1.0420616058298289
      },
      "sv": {
        "u_a": 0.6990601732447566,
        "u_b": 0.3497717566421374,
        "deal": 1.0,
        "joint": 1.048831929886894
      },
      "vs": {
        "u_a": 0.3532921663277589,
        "u_b": 0.6866862628691268,
        "deal": 1.0,
        "joint": 1.0399784291968857
      }
    },
    {
      "seed": 1100,
      "vv": {
        "u_a": 0.8435770723742404,
        "u_b": 0.9344301708259928,
        "deal": 1.0,
        "joint": 1.7780072432002332
      },
      "ss": {
        "u_a": 0.9436132507415517,
        "u_b": 0.9344301626114595,
        "deal": 1.0,
        "joint": 1.8780434133530113
      },
      "sv": {
        "u_a": 0.8835915437211649,
        "u_b": 0.9344301675401795,
        "deal": 1.0,
        "joint": 1.8180217112613444
      },
      "vs": {
        "u_a": 0.847677450131752,
        "u_b": 0.8557868348982424,
        "deal": 1.0,
        "joint": 1.7034642850299944
      }
    },
    {
      "seed": 1200,
      "vv": {
        "u_a": 0.8449323316118942,
        "u_b": 0.8631540803158556,
        "deal": 1.0,
        "joint": 1.70808641192775
      },
      "ss": {
        "u_a": 0.8245669325350602,
        "u_b": 0.8670657103893978,
        "deal": 1.0,
        "joint": 1.691632642924458
      },
      "sv": {
        "u_a": 0.8856631297655624,