{
  "n_steps": 10,
  "n_seeds": 20,
  "tuned_overrides": {
    "SNHP_OUTCOME_PICKER_BAND": "0.068",
    "SNHP_ASP_START_MARGIN_MAX": "0.929",
    "SNHP_PARETO_KNOB": "0.971"
  },
  "peer_params_at_defaults": true,
  "rows": [
    {
      "seed": 42,
      "vv": {
        "u_a": 0.8481012766969691,
        "u_b": 0.7979761117904886,
        "deal": 1.0,
        "joint": 1.6460773884874578
      },
      "ss": {
        "u_a": 0.8938372092425637,
        "u_b": 0.9925066755578636,
        "deal": 1.0,
        "joint": 1.8863438848004273
      },
      "sv": {
        "u_a": 0.8664662874954566,
        "u_b": 0.7243069671065473,
        "deal": 1.0,
        "joint": 1.590773254602004
      },
      "vs": {
        "u_a": 0.8214235949447398,
        "u_b": 0.8452526097866763,
        "deal": 1.0,
        "joint": 1.666676204731416
      }
    },
    {
      "seed": 100,
      "vv": {
        "u_a": 0.8234755910613614,
        "u_b": 0.6087763853799022,
        "deal": 1.0,
        "joint": 1.4322519764412636
      },
      "ss": {
        "u_a": 0.7011496639487753,
        "u_b": 0.6691829695931425,
        "deal": 1.0,
        "joint": 1.370332633541918
      },
      "sv": {
        "u_a": 0.762564300819881,
        "u_b": 0.5112931455922489,
        "deal": 1.0,
        "joint": 1.27385744641213
      },
      "vs": {
        "u_a": 0.4768854642423678,
        "u_b": 0.7799283739840829,
        "deal": 1.0,
        "joint": 1.2568138382264507
      }
    },
    {
      "seed": 200,
      "vv": {
        "u_a": 0.4879311588426702,
        "u_b": 0.5489331495339557,
        "deal": 1.0,
        "joint": 1.0368643083766258
      },
      "ss": {
        "u_a": 0.45216802355157243,
        "u_b": 0.45216802355157243,
        "deal": 0.0,
        "joint": 0.9043360471031449
      },
      "sv": {
        "u_a": 0.5561524152404536,
        "u_b": 0.4853658051596548,
        "deal": 1.0,
        "joint": 1.0415182204001083
      },
      "vs": {
        "u_a": 0.4879311588426702,
        "u_b": 0.5489331495339557,
        "deal": 1.0,
        "joint": 1.0368643083766258
      }
    },
    {
      "seed": 300,
      "vv": {
        "u_a": 0.8176461064881669,
        "u_b": 0.7840741539514177,
        "deal": 1.0,
        "joint": 1.6017202604395846
      },
      "ss": {
        "u_a": 0.9195317445421444,
        "u_b": 0.9681866002647538,
        "deal": 1.0,
        "joint": 1.8877183448068982
      },
      "sv": {
        "u_a": 0.8791250667608058,
        "u_b": 0.836409115950918,
        "deal": 1.0,
        "joint": 1.7155341827117239
      },
      "vs": {
        "u_a": 0.8175854763355249,
        "u_b": 0.9681921885565336,
        "deal": 1.0,
        "joint": 1.7857776648920585
      }
    },
    {
      "seed": 400,
      "vv": {
        "u_a": 0.9942962621345917,
        "u_b": 0.4905447263040439,
        "deal": 1.0,
        "joint": 1.4848409884386355
      },
      "ss": {
        "u_a": 0.7703176526765249,
        "u_b": 0.6456476775506177,
        "deal": 1.0,
        "joint": 1.4159653302271424
      },
      "sv": {
        "u_a": 0.8845333939592254,
        "u_b": 0.484372447171076,
        "deal": 1.0,
        "joint": 1.3689058411303014
      },
      "vs": {
        "u_a": 0.44225351341784214,
        "u_b": 0.7570152602067244,
        "deal": 1.0,
        "joint": 1.1992687736245666
      }
    },
    {
      "seed": 500,
      "vv": {
        "u_a": 0.8487487686444702,
        "u_b": 1.000800934397079,
        "deal": 1.0,
        "joint": 1.849549703041549
      },
      "ss": {
        "u_a": 0.9502720479767051,
        "u_b": 1.0003654359926135,
        "deal": 1.0,
        "joint": 1.9506374839693186
      },
      "sv": {
        "u_a": 0.9142628206236891,
        "u_b": 0.7284770579747067,
        "deal": 1.0,
        "joint": 1.642739878598396
      },
      "vs": {
        "u_a": 0.848753929228515,
        "u_b": 0.8434771133093145,
        "deal": 1.0,
        "joint": 1.6922310425378295
      }
    },
    {
      "seed": 600,
      "vv": {
        "u_a": 0.8729392530083191,
        "u_b": 0.5415696014980416,
        "deal": 1.0,
        "joint": 1.4145088545063607
      },
      "ss": {
        "u_a": 0.6253428661313358,
        "u_b": 0.6728216562670972,
        "deal": 1.0,
        "joint": 1.298164522398433
      },
      "sv": {
        "u_a": 0.45482743622279176,
        "u_b": 0.5428586784584253,
        "deal": 1.0,
        "joint": 0.997686114681217
      },
      "vs": {
        "u_a": 0.45101099662497396,
        "u_b": 0.8059883143766988,
        "deal": 1.0,
        "joint": 1.2569993110016728
      }
    },
    {
      "seed": 700,
      "vv": {
        "u_a": 0.7160507653770041,
        "u_b": 0.7170784987504755,
        "deal": 1.0,
        "joint": 1.4331292641274795
      },
      "ss": {
        "u_a": 0.7878866751692246,
        "u_b": 0.7868338792050626,
        "deal": 1.0,
        "joint": 1.5747205543742873
      },
      "sv": {
        "u_a": 0.8555351020931046,
        "u_b": 0.7016891438171696,
        "deal": 1.0,
        "joint": 1.557224245910274
      },
      "vs": {
        "u_a": 0.49555031251873316,
        "u_b": 0.7625125002901704,
        "deal": 1.0,
        "joint": 1.2580628128089035
      }
    },
    {
      "seed": 800,
      "vv": {
        "u_a": 0.897748232465952,
        "u_b": 0.897435900884152,
        "deal": 1.0,
        "joint": 1.7951841333501042
      },
      "ss": {
        "u_a": 0.541672307541984,
        "u_b": 0.956924315488022,
        "deal": 1.0,
        "joint": 1.498596623030006
      },
      "sv": {
        "u_a": 0.897748232465952,
        "u_b": 0.897435900884152,
        "deal": 1.0,
        "joint": 1.7951841333501042
      },
      "vs": {
        "u_a": 0.897748232465952,
        "u_b": 0.897435900884152,
        "deal": 1.0,
        "joint": 1.7951841333501042
      }
    },
    {
      "seed": 900,
      "vv": {
        "u_a": 0.7013194995767543,
        "u_b": 0.8000678454859071,
        "deal": 1.0,
        "joint": 1.5013873450626614
      },
      "ss": {
        "u_a": 0.6810594362770845,
        "u_b": 0.8063170386025881,
        "deal": 1.0,
        "joint": 1.4873764748796727
      },
      "sv": {
        "u_a": 0.8251000955727258,
        "u_b": 0.5348050660265238,
        "deal": 1.0,
        "joint": 1.3599051615992495
      },
      "vs": {
        "u_a": 0.47845880328038626,
        "u_b": 0.8688089697693965,
        "deal": 1.0,
        "joint": 1.3472677730497828
      }
    },
    {
      "seed": 1000,
      "vv": {
        "u_a": 0.6177029951466395,
        "u_b": 0.4290457581073113,
        "deal": 1.0,
        "joint": 1.0467487532539508
      },
      "ss": {
        "u_a": 0.434649344425876,
        "u_b": 0.6074122614039528,
        "deal": 1.0,
        "joint": 1.0420616058298289
      },
      "sv": {
        "u_a": 0.6812585734280829,
        "u_b": 0.34733715897582385,
        "deal": 1.0,
        "joint": 1.0285957324039068
      },
      "vs": {
        "u_a": 0.3532921663277589,
        "u_b": 0.6866862628691268,
        "deal": 1.0,
        "joint": 1.0399784291968857
      }
    },
    {
      "seed": 1100,
      "vv": {
        "u_a": 0.8435770723742404,
        "u_b": 0.9344301708259928,
        "deal": 1.0,
        "joint": 1.7780072432002332
      },
      "ss": {
        "u_a": 0.9436132507415517,
        "u_b": 0.9344301626114595,
        "deal": 1.0,
        "joint": 1.8780434133530113
      },
      "sv": {
        "u_a": 0.9076991571521388,
        "u_b": 0.8557868299695224,
        "deal": 1.0,
        "joint": 1.763485987121661
      },
      "vs": {
        "u_a": 0.847677450131752,
        "u_b": 0.8557868348982424,
        "deal": 1.0,
        "joint": 1.7034642850299944
      }
    },
    {
      "seed": 1200,
      "vv": {
        "u_a": 0.8449323316118942,
        "u_b": 0.8631540803158556,
        "deal": 1.0,
        "joint": 1.70808641192775
      },